<?xml version="1.0" encoding="UTF-8"?>
<beans xmlns="http://www.springframework.org/schema/beans"
xmlns:context="http://www.springframework.org/schema/context"
xmlns:jee="http://www.springframework.org/schema/jee"
xmlns:xsi="http://www.w3.org/2001/XMLSchema-instance"
xmlns:mvc="http://www.springframework.org/schema/mvc"
xsi:schemaLocation="http://www.springframework.org/schema/beans
http://www.springframework.org/schema/beans/spring-beans.xsd
http://www.springframework.org/schema/context
http://www.springframework.org/schema/context/spring-context.xsd
http://www.springframework.org/schema/jee
http://www.springframework.org/schema/jee/spring-jee.xsd
http://www.springframework.org/schema/mvc http://www.springframework.org/schema/mvc/spring-mvc.xsd"
>
	  
	 
	   <context:component-scan base-package="user"></context:component-scan>
	    <bean id = "viewResolver" class = "org.springframework.web.servlet.view.InternalResourceViewResolver">
	 	<property name = "prefix" value = "/view/"/>
	 	<property name = "suffix" value = ".jsp"/>
	 	
	 	
	 </bean>
	 	
	 <bean id = "LoginInterceptor" class = "user.commons.interceptor.LoginInterceptor"/>
	  <mvc:interceptors>
	  	<mvc:interceptor>
	  		<mvc:mapping path="/loginPost"/>
	  		<ref bean = "LoginInterceptor"/>
	  	</mvc:interceptor>
	  </mvc:interceptors>
	 
	 	  
	 	
</beans>
