<?xml version="1.0" encoding="UTF-8"?>
<beans xmlns="http://www.springframework.org/schema/beans"
xmlns:context="http://www.springframework.org/schema/context"
xmlns:jee="http://www.springframework.org/schema/jee"
xmlns:xsi="http://www.w3.org/2001/XMLSchema-instance"
xsi:schemaLocation="http://www.springframework.org/schema/beans
http://www.springframework.org/schema/beans/spring-beans.xsd
http://www.springframework.org/schema/context
http://www.springframework.org/schema/context/spring-context.xsd
http://www.springframework.org/schema/jee
http://www.springframework.org/schema/jee/spring-jee.xsd"
>
	  
	  <!-- jee:jndi-lookup 사용 -->
	  <jee:jndi-lookup jndi-name="/jdbc/jsptest" id = "dataSource"
	  resource-ref = "true"></jee:jndi-lookup>
	  <bean id = "sqlSessionFactory" class = "org.mybatis.spring.SqlSessionFactoryBean">
	  	<property name="dataSource" ref = "dataSource"></property>
	  	<property name="mapperLocations" value = "classpath:jung/spring/mybatis/*.xml"></property>
	  	<property name="configLocation" value = "/WEB-INF/mybatisAlias.xml"></property>
	  </bean>
	  
	  <bean id = "sqlSessionTemplate" class = "org.mybatis.spring.SqlSessionTemplate">
	  	<constructor-arg ref = "sqlSessionFactory"></constructor-arg>
	  </bean>
</beans>
