<?xml version="1.0" encoding="UTF-8"?>
<!DOCTYPE mapper
  PUBLIC "-//mybatis.org//DTD Mapper 3.0//EN"
  "http://mybatis.org/dtd/mybatis-3-mapper.dtd">
<mapper namespace = "user.mybatis.UserMapper">
	<!-- namespace가 Mapper 인터페이스의 풀패스와 동일해야 함 -->
	
	
	<resultMap type="user.vo.UsersVO" id="usersVOResultMap">
		<result property="userId" column="USER_ID"/>
		<result property="userPw" column="USER_PW"/>
		<result property="userPw_q" column="USERPW_Q"/>
		<result property="userPAC" column="USERPW_PAC"/>	
		<result property="userNick" column="USER_NICK"/>
		<result property="userName" column="USER_NAME"/>
		<result property="userGender" column="USER_GENDER"/>
		<result property="userPhone" column="USER_PHONE"/>	
		<result property="userEmail" column="USER_EMAIL"/>
		<result property="userBirth" column="USER_BIRTH"/>
	</resultMap>
	
	
	
	<select id = "login" resultMap="usersVOResultMap">
		SELECT * FROM users WHERE USER_ID = #{userId} 
	</select>
	<!-- 회원가입에 들어갈 정보  -->
	<insert id="register">
		INSERT INTO users (USER_ID, USER_PW, USERPW_Q, USER_PAC, USER_NICK, USER_NAME, USER_GENDER, 
							USER_PHONE, USER_EMAIL, USER_BIRTH) 
		VALUES (#{userId , jdbcType=VARCHAR}, #{userPw , jdbcType=VARCHAR}, #{userPw_q , jdbcType=VARCHAR},
				 #{userPAC , jdbcType=VARCHAR}, #{userNick , jdbcType=VARCHAR},
				 #{userName , jdbcType=VARCHAR }, #{userGender, jdbcType=CHAR}, #{userPhone , jdbcType=BIGINT}, 
				 #{userEmail , jdbcType=VARCHAR}, #{userBirth , jdbcType=VARCHAR})
	</insert>
	
	<!-- 아이디 찾기 비밀번호 찾기 -->
	<select id="findID" resultMap="usersVOResultMap">s
		SELECT USER_ID FROM users WHERE USER_NAME = #{userName, jdbcType=VARCHAR} AND USER_PHONE=#{userPhone, jdbcType=BIGINT}
	</select>
	
	<select id="findPassword" resultMap="usersVOResultMap">
		SELECT * FROM users WHERE USER_ID = #{userId, jdbcType=VARCHAR} AND USER_PHONE=#{userPhone, jdbcType=BIGINT} AND USER_EMAIL = #{userEmail, jdbcType=VARCHAR} AND USERPW_Q = #{userPw_q, jdbcType=VARCHAR} AND USER_PAC = #{userPAC, jdbcType=VARCHAR}
	</select>
	
	<update id="updatePassword">
		UPDATE users SET USER_PW = #{userPw, jdbcType=VARCHAR} WHERE USER_ID = #{userId, jdbcType=VARCHAR}
	</update>
	
	
</mapper>

