<?xml version="1.0" encoding="UTF-8"?>
<!DOCTYPE mapper
  PUBLIC "-//mybatis.org//DTD Mapper 3.0//EN"
  "http://mybatis.org/dtd/mybatis-3-mapper.dtd">
<mapper namespace = "moneymany.card.mybatis.CardMapper">
	<!-- namespace가 Mapper 인터페이스의 풀패스와 동일해야 함 -->
	
	<resultMap type="card" id="CardResultMap">
		<result property="id" column="ID"/>
		<result property="card_num" column="CARD_NUM"/>
		<result property="cvc_num" column="CVC_NUM"/>
		<result property="card_bank" column="CARD_BANK"/>
		<result property="card_passwd" column="CARD_PASSWD"/>
		<!-- property CardVO 객체 name / column Card.sql 선언 columnName -->
	</resultMap>
	
	<select id="getCards" resultType="card">
		SELECT * FROM card
	</select>
	
	<select id="getUpdateCard" resultType="card">
		SELECT * FROM card WHERE ID = #{id}
	</select>
	
	<select id="insertCard" parameterType="card">
		INSERT INTO card VALUES(card_seq.nextval, #{card_bank}, #{card_num}, #{cvc_num}, #{card_passwd} )
	</select>
	
	<select id="updateCard" parameterType="card">
		UPDATE card SET CARD_BANK = #{card_bank}, CARD_NUM = #{card_num}, CVC_NUM = #{cvc_num}, CARD_PASSWD = #{card_passwd}
		WHERE id = #{id}
	</select>
	
	<select id="deleteCard" parameterType="card">
		DELETE card WHERE ID = #{id}
	</select>
	
</mapper>