<?xml version="1.0" encoding="UTF-8"?>
<beans xmlns="http://www.springframework.org/schema/beans"
xmlns:context="http://www.springframework.org/schema/context"
xmlns:jee="http://www.springframework.org/schema/jee"
xmlns:xsi="http://www.w3.org/2001/XMLSchema-instance"
xmlns:mvc="http://www.springframework.org/schema/mvc"
xsi:schemaLocation="http://www.springframework.org/schema/beans
http://www.springframework.org/schema/beans/spring-beans.xsd
http://www.springframework.org/schema/context
http://www.springframework.org/schema/context/spring-context.xsd
http://www.springframework.org/schema/jee
http://www.springframework.org/schema/jee/spring-jee.xsd
http://www.springframework.org/schema/mvc http://www.springframework.org/schema/mvc/spring-mvc.xsd"


>
	  
	 
	   <context:component-scan base-package="jung.spring"></context:component-scan>
	    <bean id = "viewResolver" class = "org.springframework.web.servlet.view.InternalResourceViewResolver">
	 	<property name = "prefix" value = "/WEB-INF/view/"/>
	 	<property name = "suffix" value = ".jsp"/>
	 </bean>
	 
	 <!-- 3.5 -->
	 <bean id="loginInterceptor" class="com.doubles.mvcboard.commons.interceptor.LoginInterceptor"/>

<mvc:interceptors>
    <mvc:interceptor>
        <mvc:mapping path="/user/loginPost"/>
        <ref bean="loginInterceptor"/>
    </mvc:interceptor>
</mvc:interceptors>


<!--AuthInterceptor클래스 인식
게시물 입력, 수정, 삭제, 회원 정보 페이지 요청에는 권한 인터셉터가 작동하도록 매핑
  -->
<bean id="authInterceptor" class="com.doubles.mvcboard.commons.interceptor.AuthInterceptor"/>


<mvc:interceptors>
    <mvc:interceptor>
        <mvc:mapping path="/article/paging/search/write"/>
        <mvc:mapping path="/article/paging/search/modify"/>
        <mvc:mapping path="/article/paging/search/remove"/>
        <mvc:mapping path="/user/info"/>
        <ref bean="authInterceptor"/>
    </mvc:interceptor>
</mvc:interceptors>

<bean id="authInterceptor" class="com.doubles.mvcboard.commons.interceptor.AuthInterceptor"/>

<!-- AuthInterceptor를 스프링에 인터셉터로 등록
AuthInterceptor를 적용하는 규칙
*로그인 사용자
-게시글 등록
-게시글 수정/삭제
-댓글 추가/수정/삭제
*일반 사용자
-게시글 목록
-게시글 조회
-댓글 목록
 -->
<mvc:interceptors>
    <mvc:interceptor>
        <mvc:mapping path="/article/paging/search/write"/>
        <mvc:mapping path="/article/paging/search/modify"/>
        <mvc:mapping path="/article/paging/search/remove"/>
        <mvc:mapping path="/user/info"/>
        <ref bean="authInterceptor"/>
    </mvc:interceptor>
</mvc:interceptors>
</beans>
